created_at,id,id_str,text,source,truncated,in_reply_to_status_id,in_reply_to_status_id_str,in_reply_to_user_id,in_reply_to_user_id_str,in_reply_to_screen_name,user,geo,coordinates,place,contributors,retweet_count,favorite_count,entities,extended_entities,favorited,retweeted,possibly_sensitive,lang
Tue Sep 30 23:59:59 +0000 2014,517101582534852608,517101582534852608,Wiggins &amp; LaVine dunk exhibition at TWolves Dunks After Dark Midnight Event | VIDEO: http://t.co/3obZw2LRS4 http://t.co/GxSFo6sZQ0,"<a href=""http://www.crowdbooster.com"" rel=""nofollow"">Crowdbooster</a>",false,"","","","","",,"","","","",65,80,,,false,false,false,en
Wed Oct 01 00:00:13 +0000 2014,517101643100594177,517101643100594177,RT @Ballislife: Wiggins &amp; LaVine dunk exhibition at TWolves Dunks After Dark Midnight Event | VIDEO: http://t.co/3obZw2LRS4 http://t.co/GxS…,"<a href=""http://twitter.com/download/iphone"" rel=""nofollow"">Twitter for iPhone</a>",false,"","","","","",,"","","","",65,0,,,false,false,false,en
Wed Oct 01 00:00:15 +0000 2014,517101649169776641,517101649169776641,RT @Ballislife: Wiggins &amp; LaVine dunk exhibition at TWolves Dunks After Dark Midnight Event | VIDEO: http://t.co/3obZw2LRS4 http://t.co/GxS…,"<a href=""http://twitter.com/download/iphone"" rel=""nofollow"">Twitter for iPhone</a>",false,"","","","","",,"","","","",65,0,,,false,false,false,en
Wed Oct 01 00:00:24 +0000 2014,517101688994680833,517101688994680833,RT @Ballislife: Wiggins &amp; LaVine dunk exhibition at TWolves Dunks After Dark Midnight Event | VIDEO: http://t.co/3obZw2LRS4 http://t.co/GxS…,"<a href=""http://twitter.com/download/iphone"" rel=""nofollow"">Twitter for iPhone</a>",false,"","","","","",,"","","","",65,0,,,false,false,false,en
Wed Oct 01 00:00:25 +0000 2014,517101694132703233,517101694132703233,RT @Ballislife: Wiggins &amp; LaVine dunk exhibition at TWolves Dunks After Dark Midnight Event | VIDEO: http://t.co/3obZw2LRS4 http://t.co/GxS…,"<a href=""http://twicca.r246.jp/"" rel=""nofollow"">twicca</a>",false,"","","","","",,"","","","",65,0,,,false,false,false,en
Wed Oct 01 00:00:43 +0000 2014,517101769349165057,517101769349165057,RT @Ballislife: Wiggins &amp; LaVine dunk exhibition at TWolves Dunks After Dark Midnight Event | VIDEO: http://t.co/3obZw2LRS4 http://t.co/GxS…,"<a href=""http://twitter.com/download/android"" rel=""nofollow"">Twitter for Android</a>",false,"","","","","",,"","","","",65,0,,,false,false,false,en
Wed Oct 01 00:00:45 +0000 2014,517101777515462656,517101777515462656,RT @Ballislife: Wiggins &amp; LaVine dunk exhibition at TWolves Dunks After Dark Midnight Event | VIDEO: http://t.co/3obZw2LRS4 http://t.co/GxS…,"<a href=""http://twitter.com/download/iphone"" rel=""nofollow"">Twitter for iPhone</a>",false,"","","","","",,"","","","",65,0,,,false,false,false,en
Wed Oct 01 00:00:48 +0000 2014,517101787069689858,517101787069689858,RT @Ballislife: Wiggins &amp; LaVine dunk exhibition at TWolves Dunks After Dark Midnight Event | VIDEO: http://t.co/3obZw2LRS4 http://t.co/GxS…,"<a href=""http://twitter.com/download/android"" rel=""nofollow"">Twitter for Android</a>",false,"","","","","",,"","","","",65,0,,,false,false,false,en
Wed Oct 01 00:01:07 +0000 2014,517101869085118465,517101869085118465,RT @Ballislife: Wiggins &amp; LaVine dunk exhibition at TWolves Dunks After Dark Midnight Event | VIDEO: http://t.co/3obZw2LRS4 http://t.co/GxS…,"<a href=""http://twitter.com/download/android"" rel=""nofollow"">Twitter for Android</a>",false,"","","","","",,"","","","",65,0,,,false,false,false,en
Wed Oct 01 00:01:18 +0000 2014,517101913889062913,517101913889062913,RT @Ballislife: Wiggins &amp; LaVine dunk exhibition at TWolves Dunks After Dark Midnight Event | VIDEO: http://t.co/3obZw2LRS4 http://t.co/GxS…,"<a href=""http://twitter.com"" rel=""nofollow"">Twitter Web Client</a>",false,"","","","","",,"","","","",65,0,,,false,false,false,en
Wed Oct 01 00:01:19 +0000 2014,517101919559376896,517101919559376896,RT @Ballislife: Wiggins &amp; LaVine dunk exhibition at TWolves Dunks After Dark Midnight Event | VIDEO: http://t.co/3obZw2LRS4 http://t.co/GxS…,"<a href=""http://twitter.com/download/iphone"" rel=""nofollow"">Twitter for iPhone</a>",false,"","","","","",,"","","","",65,0,,,false,false,false,en
Wed Oct 01 00:01:21 +0000 2014,517101927323402240,517101927323402240,RT @Ballislife: Wiggins &amp; LaVine dunk exhibition at TWolves Dunks After Dark Midnight Event | VIDEO: http://t.co/3obZw2LRS4 http://t.co/GxS…,"<a href=""http://twitter.com/download/iphone"" rel=""nofollow"">Twitter for iPhone</a>",false,"","","","","",,"","","","",65,0,,,false,false,false,en
Wed Oct 01 00:01:40 +0000 2014,517102007686283264,517102007686283264,RT @Ballislife: Wiggins &amp; LaVine dunk exhibition at TWolves Dunks After Dark Midnight Event | VIDEO: http://t.co/3obZw2LRS4 http://t.co/GxS…,"<a href=""http://twitter.com/download/iphone"" rel=""nofollow"">Twitter for iPhone</a>",false,"","","","","",,"","","","",65,0,,,false,false,false,en
Wed Oct 01 00:01:41 +0000 2014,517102010328682496,517102010328682496,RT @Ballislife: Wiggins &amp; LaVine dunk exhibition at TWolves Dunks After Dark Midnight Event | VIDEO: http://t.co/3obZw2LRS4 http://t.co/GxS…,"<a href=""http://www.tweetcaster.com"" rel=""nofollow"">TweetCaster for Android</a>",false,"","","","","",,"","","","",65,0,,,false,false,false,en
Wed Oct 01 00:01:55 +0000 2014,517102071083196417,517102071083196417,RT @Ballislife: Wiggins &amp; LaVine dunk exhibition at TWolves Dunks After Dark Midnight Event | VIDEO: http://t.co/3obZw2LRS4 http://t.co/GxS…,"<a href=""http://twitter.com/download/iphone"" rel=""nofollow"">Twitter for iPhone</a>",false,"","","","","",,"","","","",65,0,,,false,false,false,en
Wed Oct 01 00:03:06 +0000 2014,517102368832651264,517102368832651264,RT @Ballislife: Wiggins &amp; LaVine dunk exhibition at TWolves Dunks After Dark Midnight Event | VIDEO: http://t.co/3obZw2LRS4 http://t.co/GxS…,"<a href=""http://twitter.com/download/iphone"" rel=""nofollow"">Twitter for iPhone</a>",false,"","","","","",,"","","","",65,0,,,false,false,false,en
Wed Oct 01 00:03:33 +0000 2014,517102479604215808,517102479604215808,RT @Ballislife: Wiggins &amp; LaVine dunk exhibition at TWolves Dunks After Dark Midnight Event | VIDEO: http://t.co/3obZw2LRS4 http://t.co/GxS…,"<a href=""http://twitter.com/download/iphone"" rel=""nofollow"">Twitter for iPhone</a>",false,"","","","","",,"","","","",65,0,,,false,false,false,en
Wed Oct 01 00:04:13 +0000 2014,517102649234030593,517102649234030593,RT @Ballislife: Wiggins &amp; LaVine dunk exhibition at TWolves Dunks After Dark Midnight Event | VIDEO: http://t.co/3obZw2LRS4 http://t.co/GxS…,"<a href=""http://twitter.com/download/iphone"" rel=""nofollow"">Twitter for iPhone</a>",false,"","","","","",,"","","","",65,0,,,false,false,false,en
Wed Oct 01 00:04:31 +0000 2014,517102723209392128,517102723209392128,RT @Ballislife: Wiggins &amp; LaVine dunk exhibition at TWolves Dunks After Dark Midnight Event | VIDEO: http://t.co/3obZw2LRS4 http://t.co/GxS…,"<a href=""http://twitter.com/download/iphone"" rel=""nofollow"">Twitter for iPhone</a>",false,"","","","","",,"","","","",65,0,,,false,false,false,en
Wed Oct 01 00:04:44 +0000 2014,517102777583927296,517102777583927296,RT @Ballislife: Wiggins &amp; LaVine dunk exhibition at TWolves Dunks After Dark Midnight Event | VIDEO: http://t.co/3obZw2LRS4 http://t.co/GxS…,"<a href=""http://twitter.com/download/iphone"" rel=""nofollow"">Twitter for iPhone</a>",false,"","","","","",,"","","","",65,0,,,false,false,false,en
Wed Oct 01 00:04:49 +0000 2014,517102800795619328,517102800795619328,RT @Ballislife: Wiggins &amp; LaVine dunk exhibition at TWolves Dunks After Dark Midnight Event | VIDEO: http://t.co/3obZw2LRS4 http://t.co/GxS…,"<a href=""http://www.echofon.com/"" rel=""nofollow"">Echofon</a>",false,"","","","","",,"","","","",65,0,,,false,false,false,en
Wed Oct 01 00:04:55 +0000 2014,517102825138946048,517102825138946048,RT @Ballislife: Wiggins &amp; LaVine dunk exhibition at TWolves Dunks After Dark Midnight Event | VIDEO: http://t.co/3obZw2LRS4 http://t.co/GxS…,"<a href=""http://twitter.com/download/android"" rel=""nofollow"">Twitter for Android</a>",false,"","","","","",,"","","","",65,0,,,false,false,false,en
Wed Oct 01 00:05:08 +0000 2014,517102878272815104,517102878272815104,RT @Ballislife: Wiggins &amp; LaVine dunk exhibition at TWolves Dunks After Dark Midnight Event | VIDEO: http://t.co/3obZw2LRS4 http://t.co/GxS…,"<a href=""http://twitter.com/download/android"" rel=""nofollow"">Twitter for Android</a>",false,"","","","","",,"","","","",65,0,,,false,false,false,en
Wed Oct 01 00:05:19 +0000 2014,517102926888992768,517102926888992768,RT @Ballislife: Wiggins &amp; LaVine dunk exhibition at TWolves Dunks After Dark Midnight Event | VIDEO: http://t.co/3obZw2LRS4 http://t.co/GxS…,"<a href=""http://twitter.com/download/iphone"" rel=""nofollow"">Twitter for iPhone</a>",false,"","","","","",,"","","","",65,0,,,false,false,false,en
Wed Oct 01 00:06:30 +0000 2014,517103222314774528,517103222314774528,RT @Ballislife: Wiggins &amp; LaVine dunk exhibition at TWolves Dunks After Dark Midnight Event | VIDEO: http://t.co/3obZw2LRS4 http://t.co/GxS…,"<a href=""http://twitter.com/download/iphone"" rel=""nofollow"">Twitter for iPhone</a>",false,"","","","","",,"","","","",65,0,,,false,false,false,en
Wed Oct 01 00:07:23 +0000 2014,517103447104319488,517103447104319488,RT @Ballislife: Wiggins &amp; LaVine dunk exhibition at TWolves Dunks After Dark Midnight Event | VIDEO: http://t.co/3obZw2LRS4 http://t.co/GxS…,"<a href=""http://twitter.com/download/android"" rel=""nofollow"">Twitter for Android</a>",false,"","","","","",,"","","","",65,0,,,false,false,false,en
Wed Oct 01 00:07:45 +0000 2014,517103536862400512,517103536862400512,RT @Ballislife: Wiggins &amp; LaVine dunk exhibition at TWolves Dunks After Dark Midnight Event | VIDEO: http://t.co/3obZw2LRS4 http://t.co/GxS…,"<a href=""http://twitter.com/download/iphone"" rel=""nofollow"">Twitter for iPhone</a>",false,"","","","","",,"","","","",65,0,,,false,false,false,en
Wed Oct 01 00:07:46 +0000 2014,517103540917919744,517103540917919744,RT @Ballislife: Wiggins &amp; LaVine dunk exhibition at TWolves Dunks After Dark Midnight Event | VIDEO: http://t.co/3obZw2LRS4 http://t.co/GxS…,"<a href=""http://twitter.com/download/iphone"" rel=""nofollow"">Twitter for iPhone</a>",false,"","","","","",,"","","","",65,0,,,false,false,false,en
Wed Oct 01 00:07:54 +0000 2014,517103574011355137,517103574011355137,RT @Ballislife: Wiggins &amp; LaVine dunk exhibition at TWolves Dunks After Dark Midnight Event | VIDEO: http://t.co/3obZw2LRS4 http://t.co/GxS…,"<a href=""https://mobile.twitter.com"" rel=""nofollow"">Mobile Web (M2)</a>",false,"","","","","",,"","","","",65,0,,,false,false,false,en
Wed Oct 01 00:08:39 +0000 2014,517103766017822720,517103766017822720,RT @Ballislife: Wiggins &amp; LaVine dunk exhibition at TWolves Dunks After Dark Midnight Event | VIDEO: http://t.co/3obZw2LRS4 http://t.co/GxS…,"<a href=""http://twitter.com/download/iphone"" rel=""nofollow"">Twitter for iPhone</a>",false,"","","","","",,"","","","",65,0,,,false,false,false,en
Wed Oct 01 00:09:37 +0000 2014,517104009698902016,517104009698902016,RT @Ballislife: Wiggins &amp; LaVine dunk exhibition at TWolves Dunks After Dark Midnight Event | VIDEO: http://t.co/3obZw2LRS4 http://t.co/GxS…,"<a href=""http://www.echofon.com/"" rel=""nofollow"">Echofon</a>",false,"","","","","",,"","","","",65,0,,,false,false,false,en
Wed Oct 01 00:10:33 +0000 2014,517104242969280512,517104242969280512,RT @Ballislife: Wiggins &amp; LaVine dunk exhibition at TWolves Dunks After Dark Midnight Event | VIDEO: http://t.co/3obZw2LRS4 http://t.co/GxS…,"<a href=""http://twitter.com/download/android"" rel=""nofollow"">Twitter for Android</a>",false,"","","","","",,"","","","",65,0,,,false,false,false,en
Wed Oct 01 00:10:55 +0000 2014,517104335927664640,517104335927664640,RT @Ballislife: Wiggins &amp; LaVine dunk exhibition at TWolves Dunks After Dark Midnight Event | VIDEO: http://t.co/3obZw2LRS4 http://t.co/GxS…,"<a href=""http://twitter.com/download/iphone"" rel=""nofollow"">Twitter for iPhone</a>",false,"","","","","",,"","","","",65,0,,,false,false,false,en
Wed Oct 01 00:13:07 +0000 2014,517104887994515456,517104887994515456,RT @Ballislife: Wiggins &amp; LaVine dunk exhibition at TWolves Dunks After Dark Midnight Event | VIDEO: http://t.co/3obZw2LRS4 http://t.co/GxS…,"<a href=""http://twitter.com/download/android"" rel=""nofollow"">Twitter for Android</a>",false,"","","","","",,"","","","",65,0,,,false,false,false,en
Wed Oct 01 00:13:30 +0000 2014,517104984861978624,517104984861978624,RT @Ballislife: Wiggins &amp; LaVine dunk exhibition at TWolves Dunks After Dark Midnight Event | VIDEO: http://t.co/3obZw2LRS4 http://t.co/GxS…,"<a href=""http://twitter.com/download/android"" rel=""nofollow"">Twitter for Android</a>",false,"","","","","",,"","","","",65,0,,,false,false,false,en
Wed Oct 01 00:14:43 +0000 2014,517105291134259200,517105291134259200,RT @Ballislife: Wiggins &amp; LaVine dunk exhibition at TWolves Dunks After Dark Midnight Event | VIDEO: http://t.co/3obZw2LRS4 http://t.co/GxS…,"<a href=""http://twitter.com/download/android"" rel=""nofollow"">Twitter for Android</a>",false,"","","","","",,"","","","",65,0,,,false,false,false,en
Wed Oct 01 00:15:11 +0000 2014,517105407954026496,517105407954026496,RT @Ballislife: Wiggins &amp; LaVine dunk exhibition at TWolves Dunks After Dark Midnight Event | VIDEO: http://t.co/3obZw2LRS4 http://t.co/GxS…,"<a href=""http://twitter.com/download/iphone"" rel=""nofollow"">Twitter for iPhone</a>",false,"","","","","",,"","","","",65,0,,,false,false,false,en
Wed Oct 01 00:16:14 +0000 2014,517105674535600128,517105674535600128,RT @Ballislife: Wiggins &amp; LaVine dunk exhibition at TWolves Dunks After Dark Midnight Event | VIDEO: http://t.co/3obZw2LRS4 http://t.co/GxS…,"<a href=""http://twitter.com/download/iphone"" rel=""nofollow"">Twitter for iPhone</a>",false,"","","","","",,"","","","",65,0,,,false,false,false,en
Wed Oct 01 00:17:08 +0000 2014,517105896795545600,517105896795545600,RT @Ballislife: Wiggins &amp; LaVine dunk exhibition at TWolves Dunks After Dark Midnight Event | VIDEO: http://t.co/3obZw2LRS4 http://t.co/GxS…,"<a href=""http://twitter.com/download/iphone"" rel=""nofollow"">Twitter for iPhone</a>",false,"","","","","",,"","","","",65,0,,,false,false,false,en
Wed Oct 01 00:19:41 +0000 2014,517106540516741120,517106540516741120,RT @Ballislife: Wiggins &amp; LaVine dunk exhibition at TWolves Dunks After Dark Midnight Event | VIDEO: http://t.co/3obZw2LRS4 http://t.co/GxS…,"<a href=""http://twitter.com/download/android"" rel=""nofollow"">Twitter for Android</a>",false,"","","","","",,"","","","",65,0,,,false,false,false,en
Wed Oct 01 00:19:53 +0000 2014,517106591653306368,517106591653306368,RT @Ballislife: Wiggins &amp; LaVine dunk exhibition at TWolves Dunks After Dark Midnight Event | VIDEO: http://t.co/3obZw2LRS4 http://t.co/GxS…,"<a href=""http://twitter.com/download/iphone"" rel=""nofollow"">Twitter for iPhone</a>",false,"","","","","",,"","","","",65,0,,,false,false,false,en
Wed Oct 01 00:28:00 +0000 2014,517108633717727233,517108633717727233,RT @Ballislife: Wiggins &amp; LaVine dunk exhibition at TWolves Dunks After Dark Midnight Event | VIDEO: http://t.co/3obZw2LRS4 http://t.co/GxS…,"<a href=""http://twitter.com/download/android"" rel=""nofollow"">Twitter for Android</a>",false,"","","","","",,"","","","",65,0,,,false,false,false,en
Wed Oct 01 00:29:31 +0000 2014,517109015789453312,517109015789453312,RT @Ballislife: Wiggins &amp; LaVine dunk exhibition at TWolves Dunks After Dark Midnight Event | VIDEO: http://t.co/3obZw2LRS4 http://t.co/GxS…,"<a href=""http://twitter.com/download/iphone"" rel=""nofollow"">Twitter for iPhone</a>",false,"","","","","",,"","","","",65,0,,,false,false,false,en
Wed Oct 01 00:32:09 +0000 2014,517109680649547776,517109680649547776,RT @Ballislife: Wiggins &amp; LaVine dunk exhibition at TWolves Dunks After Dark Midnight Event | VIDEO: http://t.co/3obZw2LRS4 http://t.co/GxS…,"<a href=""http://twitter.com/download/iphone"" rel=""nofollow"">Twitter for iPhone</a>",false,"","","","","",,"","","","",65,0,,,false,false,false,en
Wed Oct 01 00:33:50 +0000 2014,517110102742953984,517110102742953984,RT @Ballislife: Wiggins &amp; LaVine dunk exhibition at TWolves Dunks After Dark Midnight Event | VIDEO: http://t.co/3obZw2LRS4 http://t.co/GxS…,"<a href=""http://twitter.com/download/android"" rel=""nofollow"">Twitter for Android</a>",false,"","","","","",,"","","","",65,0,,,false,false,false,en
Wed Oct 01 00:34:33 +0000 2014,517110281109901312,517110281109901312,RT @Ballislife: Wiggins &amp; LaVine dunk exhibition at TWolves Dunks After Dark Midnight Event | VIDEO: http://t.co/3obZw2LRS4 http://t.co/GxS…,"<a href=""http://twitter.com/download/iphone"" rel=""nofollow"">Twitter for iPhone</a>",false,"","","","","",,"","","","",65,0,,,false,false,false,en
Wed Oct 01 00:39:34 +0000 2014,517111546284367872,517111546284367872,RT @Ballislife: Wiggins &amp; LaVine dunk exhibition at TWolves Dunks After Dark Midnight Event | VIDEO: http://t.co/3obZw2LRS4 http://t.co/GxS…,"<a href=""http://twitter.com/download/iphone"" rel=""nofollow"">Twitter for iPhone</a>",false,"","","","","",,"","","","",65,0,,,false,false,false,en
Wed Oct 01 00:40:27 +0000 2014,517111769307680768,517111769307680768,RT @Ballislife: Wiggins &amp; LaVine dunk exhibition at TWolves Dunks After Dark Midnight Event | VIDEO: http://t.co/3obZw2LRS4 http://t.co/GxS…,"<a href=""http://twitter.com/download/iphone"" rel=""nofollow"">Twitter for iPhone</a>",false,"","","","","",,"","","","",65,0,,,false,false,false,en
Wed Oct 01 00:50:40 +0000 2014,517114337648201728,517114337648201728,RT @Ballislife: Wiggins &amp; LaVine dunk exhibition at TWolves Dunks After Dark Midnight Event | VIDEO: http://t.co/3obZw2LRS4 http://t.co/GxS…,"<a href=""http://tapbots.com/tweetbot"" rel=""nofollow"">Tweetbot for iΟS</a>",false,"","","","","",,"","","","",65,0,,,false,false,true,en
Wed Oct 01 01:22:25 +0000 2014,517122328225153024,517122328225153024,RT @Ballislife: Wiggins &amp; LaVine dunk exhibition at TWolves Dunks After Dark Midnight Event | VIDEO: http://t.co/3obZw2LRS4 http://t.co/GxS…,"<a href=""http://twitter.com/download/iphone"" rel=""nofollow"">Twitter for iPhone</a>",false,"","","","","",,"","","","",65,0,,,false,false,false,en
Wed Oct 01 01:30:43 +0000 2014,517124417890320384,517124417890320384,RT @Ballislife: Wiggins &amp; LaVine dunk exhibition at TWolves Dunks After Dark Midnight Event | VIDEO: http://t.co/3obZw2LRS4 http://t.co/GxS…,"<a href=""http://twitter.com/download/iphone"" rel=""nofollow"">Twitter for iPhone</a>",false,"","","","","",,"","","","",65,0,,,false,false,false,en
Wed Oct 01 01:30:53 +0000 2014,517124457656516608,517124457656516608,RT @Ballislife: Wiggins &amp; LaVine dunk exhibition at TWolves Dunks After Dark Midnight Event | VIDEO: http://t.co/3obZw2LRS4 http://t.co/GxS…,"<a href=""http://twitter.com/download/android"" rel=""nofollow"">Twitter for Android</a>",false,"","","","","",,"","","","",65,0,,,false,false,false,en
Wed Oct 01 01:43:52 +0000 2014,517127725984022528,517127725984022528,RT @Ballislife: Wiggins &amp; LaVine dunk exhibition at TWolves Dunks After Dark Midnight Event | VIDEO: http://t.co/3obZw2LRS4 http://t.co/GxS…,"<a href=""http://twitter.com/download/android"" rel=""nofollow"">Twitter for Android</a>",false,"","","","","",,"","","","",65,0,,,false,false,false,en
Wed Oct 01 01:44:39 +0000 2014,517127921782489088,517127921782489088,RT @Ballislife: Wiggins &amp; LaVine dunk exhibition at TWolves Dunks After Dark Midnight Event | VIDEO: http://t.co/3obZw2LRS4 http://t.co/GxS…,"<a href=""http://twitter.com"" rel=""nofollow"">Twitter Web Client</a>",false,"","","","","",,"","","","",65,0,,,false,false,false,en
Wed Oct 01 01:54:21 +0000 2014,517130363014238208,517130363014238208,RT @Ballislife: Wiggins &amp; LaVine dunk exhibition at TWolves Dunks After Dark Midnight Event | VIDEO: http://t.co/3obZw2LRS4 http://t.co/GxS…,"<a href=""http://twitter.com/download/android"" rel=""nofollow"">Twitter for Android</a>",false,"","","","","",,"","","","",65,0,,,false,false,false,en
Wed Oct 01 01:54:38 +0000 2014,517130434799751168,517130434799751168,RT @Ballislife: Wiggins &amp; LaVine dunk exhibition at TWolves Dunks After Dark Midnight Event | VIDEO: http://t.co/3obZw2LRS4 http://t.co/GxS…,"<a href=""http://twitter.com/download/iphone"" rel=""nofollow"">Twitter for iPhone</a>",false,"","","","","",,"","","","",65,0,,,false,false,false,en
Wed Oct 01 02:03:15 +0000 2014,517132606794919937,517132606794919937,RT @Ballislife: Wiggins &amp; LaVine dunk exhibition at TWolves Dunks After Dark Midnight Event | VIDEO: http://t.co/3obZw2LRS4 http://t.co/GxS…,"<a href=""http://twitter.com/download/iphone"" rel=""nofollow"">Twitter for iPhone</a>",false,"","","","","",,"","","","",65,0,,,false,false,false,en
Wed Oct 01 02:10:35 +0000 2014,517134448345636864,517134448345636864,RT @Ballislife: Wiggins &amp; LaVine dunk exhibition at TWolves Dunks After Dark Midnight Event | VIDEO: http://t.co/3obZw2LRS4 http://t.co/GxS…,"<a href=""http://twitter.com/download/iphone"" rel=""nofollow"">Twitter for iPhone</a>",false,"","","","","",,"","","","",65,0,,,false,false,false,en
Wed Oct 01 03:15:58 +0000 2014,517150904089575424,517150904089575424,RT @Ballislife: Wiggins &amp; LaVine dunk exhibition at TWolves Dunks After Dark Midnight Event | VIDEO: http://t.co/3obZw2LRS4 http://t.co/GxS…,"<a href=""http://twitter.com/download/iphone"" rel=""nofollow"">Twitter for iPhone</a>",false,"","","","","",,"","","","",65,0,,,false,false,false,en
Wed Oct 01 04:26:14 +0000 2014,517168586293805056,517168586293805056,RT @Ballislife: Wiggins &amp; LaVine dunk exhibition at TWolves Dunks After Dark Midnight Event | VIDEO: http://t.co/3obZw2LRS4 http://t.co/GxS…,"<a href=""http://twitter.com/download/android"" rel=""nofollow"">Twitter for Android</a>",false,"","","","","",,"","","","",65,0,,,false,false,false,en
Wed Oct 01 06:19:21 +0000 2014,517197053156663296,517197053156663296,RT @Ballislife: Wiggins &amp; LaVine dunk exhibition at TWolves Dunks After Dark Midnight Event | VIDEO: http://t.co/3obZw2LRS4 http://t.co/GxS…,"<a href=""http://twitter.com/download/iphone"" rel=""nofollow"">Twitter for iPhone</a>",false,"","","","","",,"","","","",65,0,,,false,false,false,en
Wed Oct 01 06:22:14 +0000 2014,517197779723370497,517197779723370497,RT @Ballislife: Wiggins &amp; LaVine dunk exhibition at TWolves Dunks After Dark Midnight Event | VIDEO: http://t.co/3obZw2LRS4 http://t.co/GxS…,"<a href=""http://twitter.com/download/iphone"" rel=""nofollow"">Twitter for iPhone</a>",false,"","","","","",,"","","","",65,0,,,false,false,false,en
Wed Oct 01 06:28:31 +0000 2014,517199361303146497,517199361303146497,RT @Ballislife: Wiggins &amp; LaVine dunk exhibition at TWolves Dunks After Dark Midnight Event | VIDEO: http://t.co/3obZw2LRS4 http://t.co/GxS…,"<a href=""http://twitter.com/download/iphone"" rel=""nofollow"">Twitter for iPhone</a>",false,"","","","","",,"","","","",65,0,,,false,false,false,en
Thu Oct 02 01:52:36 +0000 2014,517492312251707392,517492312251707392,RT @Ballislife: Wiggins &amp; LaVine dunk exhibition at TWolves Dunks After Dark Midnight Event | VIDEO: http://t.co/3obZw2LRS4 http://t.co/GxS…,"<a href=""http://twitter.com/download/iphone"" rel=""nofollow"">Twitter for iPhone</a>",false,"","","","","",,"","","","",65,0,,,false,false,false,en
